,artist_name,track_uri,artist_uri,track_name,album_uri,duration_ms_x,album_name,name,danceability,energy,key,loudness,mode,speechiness,acousticness,instrumentalness,liveness,valence,tempo,type,id,track_href,analysis_url,duration_ms_y,time_signature,artistpop,trackpop,genres
0,Missy Elliott,spotify:track:0UaMYEvWZi0ZqiDOoHU3YI,spotify:artist:2wIVse2owClT7go1WT98tk,Lose Control (feat. Ciara & Fat Man Scoop),spotify:album:6vV5UrXcfyQD1wu4Qo2I9K,226863,The Cookbook,Throwbacks,0.904,0.813,4,-7.105,0,0.121,0.0311,0.00697,0.0471,0.81,125.461,audio_features,0UaMYEvWZi0ZqiDOoHU3YI,https://api.spotify.com/v1/tracks/0UaMYEvWZi0ZqiDOoHU3YI,https://api.spotify.com/v1/audio-analysis/0UaMYEvWZi0ZqiDOoHU3YI,226864,4,69,66,dance_pop hip_hop hip_pop pop_rap r&b rap urban_contemporary virginia_hip_hop
1,Britney Spears,spotify:track:6I9VzXrHxO9rA9A5euc8Ak,spotify:artist:26dSoYclwsYLMAKD3tpOr4,Toxic,spotify:album:0z7pVBGOD7HCIB7S8eLkLI,198800,In The Zone,Throwbacks,0.774,0.838,5,-3.914,0,0.114,0.0249,0.025,0.242,0.924,143.04,audio_features,6I9VzXrHxO9rA9A5euc8Ak,https://api.spotify.com/v1/tracks/6I9VzXrHxO9rA9A5euc8Ak,https://api.spotify.com/v1/audio-analysis/6I9VzXrHxO9rA9A5euc8Ak,198800,4,81,81,dance_pop pop post-teen_pop
2,Beyoncé,spotify:track:0WqIKmW4BTrj3eJFmnCKMv,spotify:artist:6vWDO969PvNqNYHIOW5v0m,Crazy In Love,spotify:album:25hVFAxTlDvXbx2X2QkUkE,235933,Dangerously In Love (Alben für die Ewigkeit),Throwbacks,0.664,0.758,2,-6.583,0,0.21,0.00238,0.0,0.0598,0.701,99.259,audio_features,0WqIKmW4BTrj3eJFmnCKMv,https://api.spotify.com/v1/tracks/0WqIKmW4BTrj3eJFmnCKMv,https://api.spotify.com/v1/audio-analysis/0WqIKmW4BTrj3eJFmnCKMv,235933,4,86,23,dance_pop pop r&b
3,Justin Timberlake,spotify:track:1AWQoqb9bSvzTjaLralEkT,spotify:artist:31TPClRtHm23RisEBtV3X7,Rock Your Body,spotify:album:6QPkyl04rXwTGlGlcYaRoW,267266,Justified,Throwbacks,0.892,0.714,4,-6.055,0,0.141,0.201,0.000234,0.0521,0.817,100.972,audio_features,1AWQoqb9bSvzTjaLralEkT,https://api.spotify.com/v1/tracks/1AWQoqb9bSvzTjaLralEkT,https://api.spotify.com/v1/audio-analysis/1AWQoqb9bSvzTjaLralEkT,267267,4,79,77,dance_pop pop
4,Shaggy,spotify:track:1lzr43nnXAijIGYnCT8M8H,spotify:artist:5EvFsr3kj42KNv97ZEnqij,It Wasn't Me,spotify:album:6NmFmPX56pcLBOFMhIiKvF,227600,Hot Shot,Throwbacks,0.853,0.606,0,-4.596,1,0.0713,0.0561,0.0,0.313,0.654,94.759,audio_features,1lzr43nnXAijIGYnCT8M8H,https://api.spotify.com/v1/tracks/1lzr43nnXAijIGYnCT8M8H,https://api.spotify.com/v1/audio-analysis/1lzr43nnXAijIGYnCT8M8H,227600,4,71,0,dance_pop pop_rap reggae_fusion
5,Usher,spotify:track:0XUfyU2QviPAs6bxSpXYG4,spotify:artist:23zg3TcAtWQy7J6upgbUnj,Yeah!,spotify:album:0vO0b1AvY49CPQyVisJLj0,250373,Confessions,Throwbacks,0.881,0.788,2,-4.669,1,0.168,0.0212,0.0,0.0377,0.592,104.997,audio_features,0XUfyU2QviPAs6bxSpXYG4,https://api.spotify.com/v1/tracks/0XUfyU2QviPAs6bxSpXYG4,https://api.spotify.com/v1/audio-analysis/0XUfyU2QviPAs6bxSpXYG4,250373,4,78,0,atl_hip_hop contemporary_r&b dance_pop pop r&b south_carolina_hip_hop urban_contemporary
6,Usher,spotify:track:68vgtRHr7iZHpzGpon6Jlo,spotify:artist:23zg3TcAtWQy7J6upgbUnj,My Boo,spotify:album:1RM6MGv6bcl6NrAG8PGoZk,223440,Confessions,Throwbacks,0.662,0.507,5,-8.238,1,0.118,0.257,0.0,0.0465,0.676,86.412,audio_features,68vgtRHr7iZHpzGpon6Jlo,https://api.spotify.com/v1/tracks/68vgtRHr7iZHpzGpon6Jlo,https://api.spotify.com/v1/audio-analysis/68vgtRHr7iZHpzGpon6Jlo,223440,4,78,77,atl_hip_hop contemporary_r&b dance_pop pop r&b south_carolina_hip_hop urban_contemporary
7,The Pussycat Dolls,spotify:track:3BxWKCI06eQ5Od8TY2JBeA,spotify:artist:6wPhSqRtPu1UhRCDX5yaDJ,Buttons,spotify:album:5x8e8UcCeOgrOzSnDGuPye,225560,PCD,Throwbacks,0.57,0.821,2,-4.38,1,0.267,0.178,0.0,0.289,0.408,210.857,audio_features,3BxWKCI06eQ5Od8TY2JBeA,https://api.spotify.com/v1/tracks/3BxWKCI06eQ5Od8TY2JBeA,https://api.spotify.com/v1/audio-analysis/3BxWKCI06eQ5Od8TY2JBeA,225560,4,68,65,dance_pop girl_group pop post-teen_pop urban_contemporary
8,Destiny's Child,spotify:track:7H6ev70Weq6DdpZyyTmUXk,spotify:artist:1Y8cdNmUJH7yBTd9yOvr5i,Say My Name,spotify:album:283NWqNsCA9GwVHrJk59CG,271333,The Writing's On The Wall,Throwbacks,0.713,0.678,5,-3.525,0,0.102,0.273,0.0,0.149,0.734,138.009,audio_features,7H6ev70Weq6DdpZyyTmUXk,https://api.spotify.com/v1/tracks/7H6ev70Weq6DdpZyyTmUXk,https://api.spotify.com/v1/audio-analysis/7H6ev70Weq6DdpZyyTmUXk,271333,4,70,76,dance_pop girl_group hip_pop pop r&b urban_contemporary
9,OutKast,spotify:track:2PpruBYCo4H7WOBJ7Q2EwM,spotify:artist:1G9G7WwrXka3Z1r7aIDjI7,Hey Ya! - Radio Mix / Club Mix,spotify:album:1UsmQ3bpJTyK6ygoOOjG1r,235213,Speakerboxxx/The Love Below,Throwbacks,0.727,0.974,4,-2.261,0,0.0664,0.103,0.000532,0.174,0.965,79.526,audio_features,2PpruBYCo4H7WOBJ7Q2EwM,https://api.spotify.com/v1/tracks/2PpruBYCo4H7WOBJ7Q2EwM,https://api.spotify.com/v1/audio-analysis/2PpruBYCo4H7WOBJ7Q2EwM,235213,4,73,81,atl_hip_hop dirty_south_rap hip_hop old_school_atlanta_hip_hop pop_rap rap southern_hip_hop
10,Nelly Furtado,spotify:track:2gam98EZKrF9XuOkU13ApN,spotify:artist:2jw70GZXlAI8QzWeY2bgRc,Promiscuous,spotify:album:2yboV2QBcVGEhcRlYuPpDT,242293,Loose,Throwbacks,0.808,0.97,10,-6.098,0,0.0506,0.0569,6.13e-05,0.154,0.868,114.328,audio_features,2gam98EZKrF9XuOkU13ApN,https://api.spotify.com/v1/tracks/2gam98EZKrF9XuOkU13ApN,https://api.spotify.com/v1/audio-analysis/2gam98EZKrF9XuOkU13ApN,242293,4,74,82,canadian_latin canadian_pop dance_pop pop pop_rap
11,Jesse McCartney,spotify:track:4Y45aqo9QMa57rDsAJv40A,spotify:artist:2Hjj68yyUPiC0HKEOigcEp,Right Where You Want Me - Radio Edit Version,spotify:album:6022khQj4Fsvvse8f3A4lF,211693,Right Where You Want Me,Throwbacks,0.71,0.553,4,-4.722,0,0.0292,0.00206,5.48e-05,0.0469,0.731,99.005,audio_features,4Y45aqo9QMa57rDsAJv40A,https://api.spotify.com/v1/tracks/4Y45aqo9QMa57rDsAJv40A,https://api.spotify.com/v1/audio-analysis/4Y45aqo9QMa57rDsAJv40A,211693,4,59,0,dance_pop neo_mellow pop pop_rock post-teen_pop
12,Jesse McCartney,spotify:track:1HwpWwa6bnqqRhK8agG4RS,spotify:artist:2Hjj68yyUPiC0HKEOigcEp,Beautiful Soul,spotify:album:2gidE8vgVOkYufANjuvj3S,214226,Beautiful Soul,Throwbacks,0.66,0.666,9,-4.342,1,0.0472,0.0759,0.0,0.0268,0.933,89.975,audio_features,1HwpWwa6bnqqRhK8agG4RS,https://api.spotify.com/v1/tracks/1HwpWwa6bnqqRhK8agG4RS,https://api.spotify.com/v1/audio-analysis/1HwpWwa6bnqqRhK8agG4RS,214227,4,59,71,dance_pop neo_mellow pop pop_rock post-teen_pop
13,Jesse McCartney,spotify:track:20ORwCJusz4KS2PbTPVNKo,spotify:artist:2Hjj68yyUPiC0HKEOigcEp,Leavin',spotify:album:2tDCfKFy2YW9N0IwNSRdOJ,216880,Departure - Recharged,Throwbacks,0.687,0.71,9,-5.84,1,0.0522,0.0283,3.71e-06,0.0689,0.886,79.235,audio_features,20ORwCJusz4KS2PbTPVNKo,https://api.spotify.com/v1/tracks/20ORwCJusz4KS2PbTPVNKo,https://api.spotify.com/v1/audio-analysis/20ORwCJusz4KS2PbTPVNKo,216880,4,59,62,dance_pop neo_mellow pop pop_rock post-teen_pop
14,Cassie,spotify:track:7k6IzwMGpxnRghE7YosnXT,spotify:artist:27FGXRNruFoOdf1vP8dqcH,Me & U,spotify:album:0j1qzjaJmsF1FkcICf3hRu,192213,Cassie,Throwbacks,0.803,0.454,8,-4.802,0,0.0294,0.352,0.0,0.0655,0.739,99.99,audio_features,7k6IzwMGpxnRghE7YosnXT,https://api.spotify.com/v1/tracks/7k6IzwMGpxnRghE7YosnXT,https://api.spotify.com/v1/audio-analysis/7k6IzwMGpxnRghE7YosnXT,192213,4,62,74,dance_pop hip_pop r&b urban_contemporary
15,Omarion,spotify:track:1Bv0Yl01xBDZD4OQP93fyl,spotify:artist:0f5nVCcR06GX8Qikz0COtT,Ice Box,spotify:album:4cVVEOXyUaWo7vlDWIkKsI,256426,21,Throwbacks,0.775,0.731,8,-5.446,1,0.134,0.189,0.0,0.129,0.821,131.103,audio_features,1Bv0Yl01xBDZD4OQP93fyl,https://api.spotify.com/v1/tracks/1Bv0Yl01xBDZD4OQP93fyl,https://api.spotify.com/v1/audio-analysis/1Bv0Yl01xBDZD4OQP93fyl,256427,4,59,41,dance_pop hip_pop pop_r&b r&b southern_hip_hop urban_contemporary
16,Avril Lavigne,spotify:track:4omisSlTk6Dsq2iQD7MA07,spotify:artist:0p4nmQO2msCgU4IF37Wi3j,Sk8er Boi,spotify:album:7h6XeTzy0SRXDrFJeA9gO7,204000,Let Go,Throwbacks,0.487,0.9,0,-4.417,1,0.0482,6.79e-05,0.0,0.358,0.484,149.937,audio_features,4omisSlTk6Dsq2iQD7MA07,https://api.spotify.com/v1/tracks/4omisSlTk6Dsq2iQD7MA07,https://api.spotify.com/v1/audio-analysis/4omisSlTk6Dsq2iQD7MA07,204000,4,76,0,canadian_pop candy_pop dance_pop pop post-teen_pop
17,Chris Brown,spotify:track:7xYnUQigPoIDAMPVK79NEq,spotify:artist:7bXgB6jMjp9ATFy66eO08Z,Run It!,spotify:album:49gaz5rhWWgqCw61M9700v,229866,Chris Brown,Throwbacks,0.846,0.482,1,-6.721,0,0.129,0.0246,0.0,0.393,0.212,100.969,audio_features,7xYnUQigPoIDAMPVK79NEq,https://api.spotify.com/v1/tracks/7xYnUQigPoIDAMPVK79NEq,https://api.spotify.com/v1/audio-analysis/7xYnUQigPoIDAMPVK79NEq,229867,4,87,72,dance_pop pop r&b
18,Beyoncé,spotify:track:6d8A5sAx9TfdeseDvfWNHd,spotify:artist:6vWDO969PvNqNYHIOW5v0m,Check On It - feat. Bun B and Slim Thug,spotify:album:3MJHoQUI828kmB6IpjejbW,210453,B'Day,Throwbacks,0.705,0.796,7,-6.845,1,0.267,0.0708,0.0,0.388,0.864,166.042,audio_features,6d8A5sAx9TfdeseDvfWNHd,https://api.spotify.com/v1/tracks/6d8A5sAx9TfdeseDvfWNHd,https://api.spotify.com/v1/audio-analysis/6d8A5sAx9TfdeseDvfWNHd,210453,4,86,35,dance_pop pop r&b
19,Destiny's Child,spotify:track:4pmc2AxSEq6g7hPVlJCPyP,spotify:artist:1Y8cdNmUJH7yBTd9yOvr5i,"Jumpin', Jumpin'",spotify:album:283NWqNsCA9GwVHrJk59CG,230200,The Writing's On The Wall,Throwbacks,0.771,0.685,1,-4.639,1,0.0567,0.00543,0.00157,0.0537,0.683,88.997,audio_features,4pmc2AxSEq6g7hPVlJCPyP,https://api.spotify.com/v1/tracks/4pmc2AxSEq6g7hPVlJCPyP,https://api.spotify.com/v1/audio-analysis/4pmc2AxSEq6g7hPVlJCPyP,230200,4,70,70,dance_pop girl_group hip_pop pop r&b urban_contemporary
20,Sheryl Crow,spotify:track:215JYyyUnrJ98NK3KEwu6d,spotify:artist:4TKTii6gnOnUXQHyuo9JaD,Soak Up The Sun,spotify:album:5NYcTXrRZHxNyRKVOd0vs1,292306,C'Mon C'Mon,Throwbacks,0.717,0.733,4,-4.985,1,0.0427,0.0398,0.0,0.136,0.713,119.996,audio_features,215JYyyUnrJ98NK3KEwu6d,https://api.spotify.com/v1/tracks/215JYyyUnrJ98NK3KEwu6d,https://api.spotify.com/v1/audio-analysis/215JYyyUnrJ98NK3KEwu6d,292307,4,65,60,lilith mellow_gold neo_mellow new_wave_pop permanent_wave pop_rock rock singer-songwriter
21,The Black Eyed Peas,spotify:track:0uqPG793dkDDN7sCUJJIVC,spotify:artist:1yxSLGMDHlW21z4YXirZDS,Where Is The Love?,spotify:album:1bNyYpkDRovmErm4QeDrpJ,272533,Elephunk,Throwbacks,0.835,0.687,5,-3.18,1,0.184,0.101,0.0,0.132,0.828,94.059,audio_features,0uqPG793dkDDN7sCUJJIVC,https://api.spotify.com/v1/tracks/0uqPG793dkDDN7sCUJJIVC,https://api.spotify.com/v1/audio-analysis/0uqPG793dkDDN7sCUJJIVC,272533,4,80,0,dance_pop pop pop_rap
22,Bowling For Soup,spotify:track:19Js5ypV6JKn4DMExHQbGc,spotify:artist:5ND0mGcL9SKSjWIjPd0xIb,Stacy's Mom,spotify:album:3Q7xpHmP8k3HryE0LQdIk0,193042,I've Never Done Anything Like This,Throwbacks,0.728,0.801,4,-3.636,1,0.0752,0.00349,0.000195,0.0907,0.813,119.989,audio_features,19Js5ypV6JKn4DMExHQbGc,https://api.spotify.com/v1/tracks/19Js5ypV6JKn4DMExHQbGc,https://api.spotify.com/v1/audio-analysis/19Js5ypV6JKn4DMExHQbGc,193043,4,60,58,comic pop_punk pop_rock texas_pop_punk
23,The Click Five,spotify:track:1JURww012QnWAw0zZXi6Aa,spotify:artist:01lz5VBfkMFDteSA9pKJuP,Just The Girl,spotify:album:7gZilZGYr8M7UwEeYvdAKZ,234146,Greetings From Imrie House,Throwbacks,0.571,0.89,9,-1.6,1,0.0395,0.00509,0.0,0.0769,0.751,110.958,audio_features,1JURww012QnWAw0zZXi6Aa,https://api.spotify.com/v1/tracks/1JURww012QnWAw0zZXi6Aa,https://api.spotify.com/v1/audio-analysis/1JURww012QnWAw0zZXi6Aa,234147,4,48,60,boy_band neo_mellow neon_pop_punk pixie pop_punk pop_rock post-teen_pop
24,Chris Brown,spotify:track:7DFnq8FYhHMCylykf6ZCxA,spotify:artist:7bXgB6jMjp9ATFy66eO08Z,Yo (Excuse Me Miss),spotify:album:49gaz5rhWWgqCw61M9700v,229040,Chris Brown,Throwbacks,0.536,0.612,4,-5.847,1,0.272,0.119,0.0,0.209,0.57,86.768,audio_features,7DFnq8FYhHMCylykf6ZCxA,https://api.spotify.com/v1/tracks/7DFnq8FYhHMCylykf6ZCxA,https://api.spotify.com/v1/audio-analysis/7DFnq8FYhHMCylykf6ZCxA,229040,4,87,71,dance_pop pop r&b
25,Jonas Brothers,spotify:track:1TfAhjzRBWzYZ8IdUV3igl,spotify:artist:7gOdHgIoIKoe4i9Tta6qdD,Year 3000,spotify:album:20RAjvZ9LX2FDuDU8RDuIl,201960,Jonas Brothers,Throwbacks,0.659,0.869,11,-5.858,1,0.046,0.00357,0.0,0.302,0.811,106.966,audio_features,1TfAhjzRBWzYZ8IdUV3igl,https://api.spotify.com/v1/tracks/1TfAhjzRBWzYZ8IdUV3igl,https://api.spotify.com/v1/audio-analysis/1TfAhjzRBWzYZ8IdUV3igl,201960,4,75,0,boy_band dance_pop pop post-teen_pop
26,Lil Mama,spotify:track:1Y4ZdPOOgCUhBcKZOrUFiS,spotify:artist:5qK5bOC6wLtuLhG5KvU17c,Lip Gloss,spotify:album:3vgVsm9GY3i39fZ7b1sqV5,219773,Lip Gloss,Throwbacks,0.619,0.87,2,-4.956,1,0.501,0.41,1.37e-06,0.0571,0.94,188.772,audio_features,1Y4ZdPOOgCUhBcKZOrUFiS,https://api.spotify.com/v1/tracks/1Y4ZdPOOgCUhBcKZOrUFiS,https://api.spotify.com/v1/audio-analysis/1Y4ZdPOOgCUhBcKZOrUFiS,219773,4,48,64,hip_pop pop_rap trap_queen
27,Cascada,spotify:track:6MjljecHzHelUDismyKkba,spotify:artist:0N0d3kjwdY2h7UVuTdJGfp,Everytime We Touch - Radio Edit,spotify:album:5DvuKZTzEKjm0oUuhP237C,199120,Everytime We Touch,Throwbacks,0.624,0.976,8,-5.355,1,0.0494,0.004,1.18e-05,0.376,0.514,142.008,audio_features,6MjljecHzHelUDismyKkba,https://api.spotify.com/v1/tracks/6MjljecHzHelUDismyKkba,https://api.spotify.com/v1/audio-analysis/6MjljecHzHelUDismyKkba,199120,4,65,58,bubblegum_dance dance_pop eurodance europop german_techno melbourne_bounce_international pop_rap
28,Jason Derulo,spotify:track:67T6l4q3zVjC5nZZPXByU8,spotify:artist:07YZf4WDAMNwqr4jfgOZ8y,Whatcha Say,spotify:album:0aVJmVAeEx78nAA1rAKYf7,221253,Jason Derulo,Throwbacks,0.615,0.711,11,-5.507,1,0.0779,0.0444,0.0,0.145,0.711,144.036,audio_features,67T6l4q3zVjC5nZZPXByU8,https://api.spotify.com/v1/tracks/67T6l4q3zVjC5nZZPXByU8,https://api.spotify.com/v1/audio-analysis/67T6l4q3zVjC5nZZPXByU8,221253,4,79,66,dance_pop edm pop pop_rap post-teen_pop
29,Ne-Yo,spotify:track:34ceTg8ChN5HjrqiIYCn9Q,spotify:artist:21E3waRsmPlU7jZsS13rcj,Miss Independent,spotify:album:6dTn9vJSxVTIGm4Cu5dH4x,232000,Year Of The Gentleman,Throwbacks,0.673,0.683,1,-5.693,1,0.115,0.522,0.0,0.235,0.713,171.86,audio_features,34ceTg8ChN5HjrqiIYCn9Q,https://api.spotify.com/v1/tracks/34ceTg8ChN5HjrqiIYCn9Q,https://api.spotify.com/v1/audio-analysis/34ceTg8ChN5HjrqiIYCn9Q,232000,4,77,75,dance_pop pop urban_contemporary
30,Miley Cyrus,spotify:track:5Q0Nhxo0l2bP3pNjpGJwV1,spotify:artist:5YGY8feqx7naU7z4HrwZM6,Party In The U.S.A.,spotify:album:64aKkqxc3Ur2LYIKeS5osS,202066,The Time Of Our Lives,Throwbacks,0.652,0.698,10,-4.667,0,0.042,0.00112,0.000115,0.0886,0.47,96.021,audio_features,5Q0Nhxo0l2bP3pNjpGJwV1,https://api.spotify.com/v1/tracks/5Q0Nhxo0l2bP3pNjpGJwV1,https://api.spotify.com/v1/audio-analysis/5Q0Nhxo0l2bP3pNjpGJwV1,202067,4,80,75,dance_pop pop post-teen_pop
31,Boys Like Girls,spotify:track:6GIrIt2M39wEGwjCQjGChX,spotify:artist:0vWCyXMrrvMlCcepuOJaGI,The Great Escape,spotify:album:4WqgusSAgXkrjbXzqdBY68,206520,Boys Like Girls,Throwbacks,0.423,0.94,1,-4.012,0,0.0635,0.00166,0.0,0.178,0.505,149.934,audio_features,6GIrIt2M39wEGwjCQjGChX,https://api.spotify.com/v1/tracks/6GIrIt2M39wEGwjCQjGChX,https://api.spotify.com/v1/audio-analysis/6GIrIt2M39wEGwjCQjGChX,206520,4,60,61,neo_mellow neon_pop_punk pop_punk pop_rock post-teen_pop
32,Boys Like Girls,spotify:track:6GIrIt2M39wEGwjCQjGChX,spotify:artist:0vWCyXMrrvMlCcepuOJaGI,The Great Escape,spotify:album:4WqgusSAgXkrjbXzqdBY68,206520,Boys Like Girls,Throwbacks,0.423,0.94,1,-4.012,0,0.0635,0.00166,0.0,0.178,0.505,149.934,audio_features,6GIrIt2M39wEGwjCQjGChX,https://api.spotify.com/v1/tracks/6GIrIt2M39wEGwjCQjGChX,https://api.spotify.com/v1/audio-analysis/6GIrIt2M39wEGwjCQjGChX,206520,4,60,61,neo_mellow neon_pop_punk pop_punk pop_rock post-teen_pop
33,Boys Like Girls,spotify:track:6GIrIt2M39wEGwjCQjGChX,spotify:artist:0vWCyXMrrvMlCcepuOJaGI,The Great Escape,spotify:album:4WqgusSAgXkrjbXzqdBY68,206520,Boys Like Girls,Throwbacks,0.423,0.94,1,-4.012,0,0.0635,0.00166,0.0,0.178,0.505,149.934,audio_features,6GIrIt2M39wEGwjCQjGChX,https://api.spotify.com/v1/tracks/6GIrIt2M39wEGwjCQjGChX,https://api.spotify.com/v1/audio-analysis/6GIrIt2M39wEGwjCQjGChX,206520,4,60,61,neo_mellow neon_pop_punk pop_punk pop_rock post-teen_pop
34,Boys Like Girls,spotify:track:6GIrIt2M39wEGwjCQjGChX,spotify:artist:0vWCyXMrrvMlCcepuOJaGI,The Great Escape,spotify:album:4WqgusSAgXkrjbXzqdBY68,206520,Boys Like Girls,Throwbacks,0.423,0.94,1,-4.012,0,0.0635,0.00166,0.0,0.178,0.505,149.934,audio_features,6GIrIt2M39wEGwjCQjGChX,https://api.spotify.com/v1/tracks/6GIrIt2M39wEGwjCQjGChX,https://api.spotify.com/v1/audio-analysis/6GIrIt2M39wEGwjCQjGChX,206520,4,60,61,neo_mellow neon_pop_punk pop_punk pop_rock post-teen_pop
35,Iyaz,spotify:track:4E5P1XyAFtrjpiIxkydly4,spotify:artist:5tKXB9uuebKE34yowVaU3C,Replay,spotify:album:44hyrGuZKAvITbmrlhryf8,182306,Replay,Throwbacks,0.706,0.751,9,-6.323,1,0.0708,0.173,0.0,0.168,0.195,91.031,audio_features,4E5P1XyAFtrjpiIxkydly4,https://api.spotify.com/v1/tracks/4E5P1XyAFtrjpiIxkydly4,https://api.spotify.com/v1/audio-analysis/4E5P1XyAFtrjpiIxkydly4,182307,4,63,75,dance_pop pop_rap post-teen_pop
36,Chris Brown,spotify:track:3H1LCvO3fVsK2HPguhbml0,spotify:artist:7bXgB6jMjp9ATFy66eO08Z,Forever,spotify:album:1UtE4zAlSE2TlKmTFgrTg5,277106,Exclusive - The Forever Edition,Throwbacks,0.669,0.822,11,-4.288,1,0.043,0.0339,0.000142,0.231,0.43,120.011,audio_features,3H1LCvO3fVsK2HPguhbml0,https://api.spotify.com/v1/tracks/3H1LCvO3fVsK2HPguhbml0,https://api.spotify.com/v1/audio-analysis/3H1LCvO3fVsK2HPguhbml0,277107,4,87,0,dance_pop pop r&b
37,Kesha,spotify:track:3uoQULcUWfnt6nc6J7Vgai,spotify:artist:6LqNN22kT3074XbTVUrhzX,Your Love Is My Drug,spotify:album:5peRwC6pQh8eaoIPtvmmOB,187133,Animal,Throwbacks,0.829,0.627,1,-3.928,1,0.0759,0.00663,0.0,0.0939,0.72,120.048,audio_features,3uoQULcUWfnt6nc6J7Vgai,https://api.spotify.com/v1/tracks/3uoQULcUWfnt6nc6J7Vgai,https://api.spotify.com/v1/audio-analysis/3uoQULcUWfnt6nc6J7Vgai,187133,4,75,0,dance_pop pop post-teen_pop
38,Ne-Yo,spotify:track:2nbClS09zsIAqNkshg6jnp,spotify:artist:21E3waRsmPlU7jZsS13rcj,Closer,spotify:album:1nv3KEXZPmcwOXMoLTs1vn,234360,Year Of The Gentleman,Throwbacks,0.709,0.745,4,-6.437,0,0.0738,0.0225,5.2e-05,0.154,0.576,126.027,audio_features,2nbClS09zsIAqNkshg6jnp,https://api.spotify.com/v1/tracks/2nbClS09zsIAqNkshg6jnp,https://api.spotify.com/v1/audio-analysis/2nbClS09zsIAqNkshg6jnp,234360,4,77,0,dance_pop pop urban_contemporary
39,Justin Bieber,spotify:track:69ghzc538EQSVon2Gm3wrr,spotify:artist:1uNFoZAHBGtllmzznpCI3s,One Less Lonely Girl,spotify:album:1rG5TDs3jYh6OU753I54CI,229106,My World,Throwbacks,0.58,0.75,4,-4.421,1,0.194,0.159,0.0,0.274,0.728,86.938,audio_features,69ghzc538EQSVon2Gm3wrr,https://api.spotify.com/v1/tracks/69ghzc538EQSVon2Gm3wrr,https://api.spotify.com/v1/audio-analysis/69ghzc538EQSVon2Gm3wrr,229107,4,90,68,canadian_pop pop
40,M.I.A.,spotify:track:1kusepF3AacIEtUTYrw4GV,spotify:artist:0QJIPDAEDILuo8AIq3pMuU,Paper Planes,spotify:album:1Lymt1abGCr3J06bbnmWca,203760,Kala,Throwbacks,0.447,0.848,2,-6.175,1,0.222,0.033,7.45e-05,0.722,0.485,172.247,audio_features,1kusepF3AacIEtUTYrw4GV,https://api.spotify.com/v1/tracks/1kusepF3AacIEtUTYrw4GV,https://api.spotify.com/v1/audio-analysis/1kusepF3AacIEtUTYrw4GV,203760,4,66,11,dance_pop indietronica new_rave
41,The Killers,spotify:track:7oK9VyNzrYvRFo7nQEYkWN,spotify:artist:0C0XlULifJtAgn6ZNCW2eu,Mr. Brightside,spotify:album:4undIeGmofnAYKhnDclN1w,222586,Hot Fuss,Throwbacks,0.356,0.924,1,-3.74,1,0.0808,0.00101,0.0,0.0953,0.232,148.017,audio_features,7oK9VyNzrYvRFo7nQEYkWN,https://api.spotify.com/v1/tracks/7oK9VyNzrYvRFo7nQEYkWN,https://api.spotify.com/v1/audio-analysis/7oK9VyNzrYvRFo7nQEYkWN,222587,4,76,20,alternative_rock dance_rock permanent_wave rock
42,blink-182,spotify:track:12qZHAeOyTf93YAWvGDTat,spotify:artist:6FBDaR13swtiWwGhX1WQsP,All The Small Things,spotify:album:1fF8kYX49s5Ufv4XEY5sjW,168000,Enema Of The State,Throwbacks,0.442,0.893,0,-4.878,1,0.0505,0.00844,0.0,0.529,0.712,148.119,audio_features,12qZHAeOyTf93YAWvGDTat,https://api.spotify.com/v1/tracks/12qZHAeOyTf93YAWvGDTat,https://api.spotify.com/v1/audio-analysis/12qZHAeOyTf93YAWvGDTat,168000,4,78,0,pop_punk punk rock socal_pop_punk
43,The Pussycat Dolls,spotify:track:2jFlMILIQzs7lSFudG9lbo,spotify:artist:6wPhSqRtPu1UhRCDX5yaDJ,Beep,spotify:album:0ylxpXE00fVxh6d60tevT8,229360,PCD,Throwbacks,0.938,0.735,7,-6.382,1,0.0434,0.00952,0.0,0.0998,0.55,103.7,audio_features,2jFlMILIQzs7lSFudG9lbo,https://api.spotify.com/v1/tracks/2jFlMILIQzs7lSFudG9lbo,https://api.spotify.com/v1/audio-analysis/2jFlMILIQzs7lSFudG9lbo,229360,4,68,0,dance_pop girl_group pop post-teen_pop urban_contemporary
44,Justin Bieber,spotify:track:4I2GqMe7L2ccMpUbnDzYLH,spotify:artist:1uNFoZAHBGtllmzznpCI3s,Somebody To Love,spotify:album:6gdLfnf2vdNlMTyhJHaDLs,220920,My Worlds,Throwbacks,0.719,0.839,5,-5.235,1,0.0257,0.00241,0.0,0.228,0.636,129.97,audio_features,4I2GqMe7L2ccMpUbnDzYLH,https://api.spotify.com/v1/tracks/4I2GqMe7L2ccMpUbnDzYLH,https://api.spotify.com/v1/audio-analysis/4I2GqMe7L2ccMpUbnDzYLH,220920,4,90,0,canadian_pop pop
45,The All-American Rejects,spotify:track:5lDriBxJd22IhOH9zTcFrV,spotify:artist:3vAaWhdBR38Q02ohXqaNHT,Dirty Little Secret,spotify:album:3PWEGZ6CYvXRnr0JCECsDe,193653,Move Along,Throwbacks,0.465,0.954,10,-4.251,1,0.044,0.000346,5.38e-06,0.573,0.458,143.85,audio_features,5lDriBxJd22IhOH9zTcFrV,https://api.spotify.com/v1/tracks/5lDriBxJd22IhOH9zTcFrV,https://api.spotify.com/v1/audio-analysis/5lDriBxJd22IhOH9zTcFrV,193653,4,66,70,modern_rock pop_punk pop_rock
46,Justin Bieber,spotify:track:2eJ8ij1T3cNUKiGdcUvKhy,spotify:artist:1uNFoZAHBGtllmzznpCI3s,Baby,spotify:album:6gdLfnf2vdNlMTyhJHaDLs,213973,My Worlds,Throwbacks,0.73,0.848,5,-5.262,0,0.101,0.0494,0.0,0.133,0.559,65.025,audio_features,2eJ8ij1T3cNUKiGdcUvKhy,https://api.spotify.com/v1/tracks/2eJ8ij1T3cNUKiGdcUvKhy,https://api.spotify.com/v1/audio-analysis/2eJ8ij1T3cNUKiGdcUvKhy,213973,4,90,0,canadian_pop pop
47,Vanessa Carlton,spotify:track:5y69gQtK33qxb8a24ACkCy,spotify:artist:5ILrArfIV0tMURcHJN8Q07,A Thousand Miles,spotify:album:7D6BFTArx2ajtkKRVXIKO2,237493,Be Not Nobody,Throwbacks,0.559,0.845,11,-3.871,1,0.0379,0.222,0.0,0.164,0.304,94.915,audio_features,5y69gQtK33qxb8a24ACkCy,https://api.spotify.com/v1/tracks/5y69gQtK33qxb8a24ACkCy,https://api.spotify.com/v1/audio-analysis/5y69gQtK33qxb8a24ACkCy,237493,4,62,0,lilith neo_mellow piano_rock pop_rock post-teen_pop
48,Cris Cab,spotify:track:1X5WGCrUMuwRFuYU1eAo2I,spotify:artist:7vWBZm3sQ8yQvfV4nXxHXK,Livin on Sunday,spotify:album:2kNznk4KDkYXifzOAUDoXN,201230,Red Road,Throwbacks,0.725,0.732,9,-6.594,1,0.156,0.0501,1.8e-06,0.104,0.515,93.029,audio_features,1X5WGCrUMuwRFuYU1eAo2I,https://api.spotify.com/v1/tracks/1X5WGCrUMuwRFuYU1eAo2I,https://api.spotify.com/v1/audio-analysis/1X5WGCrUMuwRFuYU1eAo2I,201230,4,44,17,indie_pop_rap
49,Miley Cyrus,spotify:track:3utIAb67sOu0QHxBE88P1M,spotify:artist:5YGY8feqx7naU7z4HrwZM6,See You Again,spotify:album:6SkirMQoL4QhnXOM5MH5El,190453,See You Again,Throwbacks,0.695,0.903,9,-5.092,0,0.162,0.0137,4.32e-05,0.126,0.811,138.985,audio_features,3utIAb67sOu0QHxBE88P1M,https://api.spotify.com/v1/tracks/3utIAb67sOu0QHxBE88P1M,https://api.spotify.com/v1/audio-analysis/3utIAb67sOu0QHxBE88P1M,190453,4,80,30,dance_pop pop post-teen_pop
50,Jesse McCartney,spotify:track:3jkdQNkDTxxXtjSO4l0o1H,spotify:artist:2Hjj68yyUPiC0HKEOigcEp,How Do You Sleep? - Featuring Ludacris,spotify:album:2tDCfKFy2YW9N0IwNSRdOJ,208333,Departure - Recharged,Throwbacks,0.747,0.878,8,-3.533,1,0.0282,0.343,0.0,0.0872,0.557,106.004,audio_features,3jkdQNkDTxxXtjSO4l0o1H,https://api.spotify.com/v1/tracks/3jkdQNkDTxxXtjSO4l0o1H,https://api.spotify.com/v1/audio-analysis/3jkdQNkDTxxXtjSO4l0o1H,208333,4,59,53,dance_pop neo_mellow pop pop_rock post-teen_pop
51,Demi Lovato,spotify:track:5c1sfI6wIQEsSUw0xrkFdl,spotify:artist:6S2OmqARrzebs0tKUEyXyp,This Is Me,spotify:album:6vykWEBzBfEKYJxEFR1AQl,189186,Camp Rock Original Soundtrack,Throwbacks,0.485,0.823,1,-2.816,1,0.0362,0.00981,0.0,0.116,0.555,91.005,audio_features,5c1sfI6wIQEsSUw0xrkFdl,https://api.spotify.com/v1/tracks/5c1sfI6wIQEsSUw0xrkFdl,https://api.spotify.com/v1/audio-analysis/5c1sfI6wIQEsSUw0xrkFdl,189187,4,79,0,dance_pop pop post-teen_pop
52,Avril Lavigne,spotify:track:6sqNctd7MlJoKDOxPVCAvU,spotify:artist:0p4nmQO2msCgU4IF37Wi3j,My Happy Ending,spotify:album:7851Vsjv3apS52sXUik6iF,242413,Under My Skin,Throwbacks,0.414,0.936,2,-2.407,1,0.0758,0.00136,0.0,0.369,0.74,170.229,audio_features,6sqNctd7MlJoKDOxPVCAvU,https://api.spotify.com/v1/tracks/6sqNctd7MlJoKDOxPVCAvU,https://api.spotify.com/v1/audio-analysis/6sqNctd7MlJoKDOxPVCAvU,242413,4,76,69,canadian_pop candy_pop dance_pop pop post-teen_pop
53,We The Kings,spotify:track:1b7vg5T9YKR3NNqXfBYRF7,spotify:artist:3ao3jf5d70Tf4fPh2bnXVl,Check Yes Juliet,spotify:album:2F1hfUOuMnOxtSfrktL8VX,220133,We The Kings,Throwbacks,0.35,0.909,2,-4.204,1,0.0774,0.0024,0.0,0.163,0.314,166.866,audio_features,1b7vg5T9YKR3NNqXfBYRF7,https://api.spotify.com/v1/tracks/1b7vg5T9YKR3NNqXfBYRF7,https://api.spotify.com/v1/audio-analysis/1b7vg5T9YKR3NNqXfBYRF7,220133,4,59,51,neo_mellow neon_pop_punk piano_rock pop_punk pop_rock post-teen_pop
54,Survivor,spotify:track:2HHtWyy5CgaQbC7XSoOb0e,spotify:artist:26bcq2nyj5GB7uRr558iQg,Eye of the Tiger,spotify:album:4PT9VulQaQP6XR1xBI2x1W,243773,Eye Of The Tiger,Awesome Playlist,0.815,0.438,0,-14.522,0,0.0346,0.216,0.000466,0.0787,0.552,108.965,audio_features,2HHtWyy5CgaQbC7XSoOb0e,https://api.spotify.com/v1/tracks/2HHtWyy5CgaQbC7XSoOb0e,https://api.spotify.com/v1/audio-analysis/2HHtWyy5CgaQbC7XSoOb0e,243773,4,66,74,album_rock hard_rock rock soft_rock
55,Daniel Tidwell,spotify:track:1MYYt7h6amcrauCOoso3Gx,spotify:artist:7zdmbPudNX4SQJXnYIuCTC,Libera Me From Hell (Tengen Toppa Gurren Lagann),spotify:album:3q8vR3PFV8kG1m1Iv8DpKq,70294,Versus Hollywood,Awesome Playlist,0.343,0.975,1,-2.502,0,0.135,3.23e-05,0.991,0.0515,0.133,119.883,audio_features,1MYYt7h6amcrauCOoso3Gx,https://api.spotify.com/v1/tracks/1MYYt7h6amcrauCOoso3Gx,https://api.spotify.com/v1/audio-analysis/1MYYt7h6amcrauCOoso3Gx,70294,4,40,0,otacore scorecore
56,Daniel Tidwell,spotify:track:3x2mJ2bjCIU70NrH49CtYR,spotify:artist:7zdmbPudNX4SQJXnYIuCTC,Pokémon Theme,spotify:album:3q8vR3PFV8kG1m1Iv8DpKq,65306,Versus Hollywood,Awesome Playlist,0.414,0.959,7,-4.299,0,0.0378,2.31e-05,0.933,0.368,0.589,145.911,audio_features,3x2mJ2bjCIU70NrH49CtYR,https://api.spotify.com/v1/tracks/3x2mJ2bjCIU70NrH49CtYR,https://api.spotify.com/v1/audio-analysis/3x2mJ2bjCIU70NrH49CtYR,65306,4,40,0,otacore scorecore
57,Daniel Tidwell,spotify:track:1Pm3fq1SC6lUlNVBGZi3Em,spotify:artist:7zdmbPudNX4SQJXnYIuCTC,Concerning Hobbits (The Lord of the Rings),spotify:album:3q8vR3PFV8kG1m1Iv8DpKq,108532,Versus Hollywood,Awesome Playlist,0.522,0.205,2,-7.986,1,0.0376,0.0534,0.235,0.0985,0.353,103.868,audio_features,1Pm3fq1SC6lUlNVBGZi3Em,https://api.spotify.com/v1/tracks/1Pm3fq1SC6lUlNVBGZi3Em,https://api.spotify.com/v1/audio-analysis/1Pm3fq1SC6lUlNVBGZi3Em,108532,4,40,0,otacore scorecore
58,Daniel Tidwell,spotify:track:1NXTEkIeRL59NK61QuhYUl,spotify:artist:7zdmbPudNX4SQJXnYIuCTC,The Blood of Cuchulainn (The Boondock Saints),spotify:album:3q8vR3PFV8kG1m1Iv8DpKq,214268,Versus Hollywood,Awesome Playlist,0.0849,0.956,2,-4.196,1,0.0805,5.24e-05,0.953,0.397,0.309,185.397,audio_features,1NXTEkIeRL59NK61QuhYUl,https://api.spotify.com/v1/tracks/1NXTEkIeRL59NK61QuhYUl,https://api.spotify.com/v1/audio-analysis/1NXTEkIeRL59NK61QuhYUl,214269,3,40,0,otacore scorecore
59,Daniel Tidwell,spotify:track:3RGlJJFkWEavxeRQr9ivAd,spotify:artist:7zdmbPudNX4SQJXnYIuCTC,He's a Pirate (Pirates of the Caribbean),spotify:album:3q8vR3PFV8kG1m1Iv8DpKq,110219,Versus Hollywood,Awesome Playlist,0.283,0.925,3,-4.7,1,0.111,0.000748,0.933,0.166,0.368,99.45,audio_features,3RGlJJFkWEavxeRQr9ivAd,https://api.spotify.com/v1/tracks/3RGlJJFkWEavxeRQr9ivAd,https://api.spotify.com/v1/audio-analysis/3RGlJJFkWEavxeRQr9ivAd,110219,4,40,0,otacore scorecore
60,Daniel Tidwell,spotify:track:0e9hR1vTrzlUvFH5PgA9rY,spotify:artist:7zdmbPudNX4SQJXnYIuCTC,Very Bloody Tears (Castlevania II: Simon's Quest),spotify:album:60wUpRwDRF1jmViHaW2yu4,207520,Versus Video Games,Awesome Playlist,0.492,0.97,4,-5.677,0,0.0554,9.65e-06,0.891,0.162,0.556,120.005,audio_features,0e9hR1vTrzlUvFH5PgA9rY,https://api.spotify.com/v1/tracks/0e9hR1vTrzlUvFH5PgA9rY,https://api.spotify.com/v1/audio-analysis/0e9hR1vTrzlUvFH5PgA9rY,207520,4,40,31,otacore scorecore
61,Kaleptik,spotify:track:7dkbEHIMLoeuG4zXGmzhEH,spotify:artist:6BKWwLs98ZY3ifhCDNGvLk,U.N. Owen Was Her? (Remix),spotify:album:38tJMNu2lPatR7xnPchOOB,226000,"Video Game Remixes, Vol. 1",Awesome Playlist,0.493,0.969,2,-3.282,0,0.0463,0.201,0.655,0.247,0.34,170.581,audio_features,7dkbEHIMLoeuG4zXGmzhEH,https://api.spotify.com/v1/tracks/7dkbEHIMLoeuG4zXGmzhEH,https://api.spotify.com/v1/audio-analysis/7dkbEHIMLoeuG4zXGmzhEH,226000,4,29,30,otacore
62,Ben Foster,spotify:track:7nZnCjIJ8JigdMqJ36yRRm,spotify:artist:6Gp8BbKAqPO3R0UAYkm8J0,I am the Doctor in Utah,spotify:album:2t34tkX7TR5rYKMu3WYO0z,104600,Doctor Who: Series 6 (Original Television Soundtrack),Awesome Playlist,0.536,0.458,2,-9.906,0,0.0385,0.893,0.495,0.106,0.259,170.113,audio_features,7nZnCjIJ8JigdMqJ36yRRm,https://api.spotify.com/v1/tracks/7nZnCjIJ8JigdMqJ36yRRm,https://api.spotify.com/v1/audio-analysis/7nZnCjIJ8JigdMqJ36yRRm,104600,1,32,17,british_soundtrack
63,Leslie Odom Jr.,spotify:track:2TK2KSrzXD6W01qjXVjNGh,spotify:artist:3cR4rhS2hBWqI7rJEBacvN,The Room Where It Happens,spotify:album:1kCHru7uhxBUdzkm4gzRQc,318214,Hamilton,Awesome Playlist,0.638,0.49,4,-9.382,0,0.426,0.271,0.0,0.664,0.511,173.552,audio_features,2TK2KSrzXD6W01qjXVjNGh,https://api.spotify.com/v1/tracks/2TK2KSrzXD6W01qjXVjNGh,https://api.spotify.com/v1/audio-analysis/2TK2KSrzXD6W01qjXVjNGh,318215,4,69,65,broadway hollywood show_tunes vocal_jazz
64,Christopher Jackson,spotify:track:3nJYcY9yvKP8Oi2Ml8brXt,spotify:artist:6sLwRSXSUF5JTUnQaFenyj,Right Hand Man,spotify:album:1kCHru7uhxBUdzkm4gzRQc,321696,Hamilton,Awesome Playlist,0.68,0.413,8,-9.41,1,0.492,0.177,0.0,0.205,0.383,158.576,audio_features,3nJYcY9yvKP8Oi2Ml8brXt,https://api.spotify.com/v1/tracks/3nJYcY9yvKP8Oi2Ml8brXt,https://api.spotify.com/v1/audio-analysis/3nJYcY9yvKP8Oi2Ml8brXt,321697,4,71,64,hollywood show_tunes
65,Leslie Odom Jr.,spotify:track:4TTV7EcfroSLWzXRY6gLv6,spotify:artist:3cR4rhS2hBWqI7rJEBacvN,Alexander Hamilton,spotify:album:1kCHru7uhxBUdzkm4gzRQc,236737,Hamilton,Awesome Playlist,0.609,0.435,11,-7.861,0,0.285,0.522,0.0,0.118,0.552,131.995,audio_features,4TTV7EcfroSLWzXRY6gLv6,https://api.spotify.com/v1/tracks/4TTV7EcfroSLWzXRY6gLv6,https://api.spotify.com/v1/audio-analysis/4TTV7EcfroSLWzXRY6gLv6,236738,4,69,69,broadway hollywood show_tunes vocal_jazz
66,Lin-Manuel Miranda,spotify:track:4cxvludVmQxryrnx1m9FqL,spotify:artist:4aXXDj9aZnlshx7mzj3W1N,My Shot,spotify:album:1kCHru7uhxBUdzkm4gzRQc,333154,Hamilton,Awesome Playlist,0.698,0.649,8,-6.764,1,0.415,0.15,0.0,0.0903,0.568,180.466,audio_features,4cxvludVmQxryrnx1m9FqL,https://api.spotify.com/v1/tracks/4cxvludVmQxryrnx1m9FqL,https://api.spotify.com/v1/audio-analysis/4cxvludVmQxryrnx1m9FqL,333154,4,71,68,hollywood show_tunes
67,Led Zeppelin,spotify:track:5CQ30WqJwcep0pYcV4AMNc,spotify:artist:36QJpDe2go2KgaRleHCDTp,Stairway To Heaven,spotify:album:44Ig8dzqOkvkGDzaUof9lK,482830,Led Zeppelin IV,Awesome Playlist,0.338,0.34,9,-12.049,0,0.0339,0.58,0.0032,0.116,0.197,82.433,audio_features,5CQ30WqJwcep0pYcV4AMNc,https://api.spotify.com/v1/tracks/5CQ30WqJwcep0pYcV4AMNc,https://api.spotify.com/v1/audio-analysis/5CQ30WqJwcep0pYcV4AMNc,482830,4,76,78,album_rock classic_rock hard_rock rock
68,Collective Soul,spotify:track:1HZ3cUZUw5htSFmah1V8Ko,spotify:artist:4e5V1Q2dKCzbLVMQ8qbTn6,Shine,spotify:album:3uSVy9q97sAzd5UE0dMdOT,306040,"Hints, Allegations & Things Left Unsaid",Awesome Playlist,0.54,0.423,6,-8.799,1,0.0283,0.294,0.0884,0.152,0.353,150.135,audio_features,1HZ3cUZUw5htSFmah1V8Ko,https://api.spotify.com/v1/tracks/1HZ3cUZUw5htSFmah1V8Ko,https://api.spotify.com/v1/audio-analysis/1HZ3cUZUw5htSFmah1V8Ko,306040,4,60,0,alternative_rock nu_metal pop_rock post-grunge rock
69,Nightwish,spotify:track:43pmQcgxMMhJu1gPW2ZdNz,spotify:artist:2NPduAUeLVsfIauhRwuft1,Ghost Love Score,spotify:album:7pYmXPG9Wj5nvC5jFM0yEW,602080,Once,Awesome Playlist,0.444,0.793,5,-5.326,0,0.0377,0.0107,0.000769,0.184,0.208,101.012,audio_features,43pmQcgxMMhJu1gPW2ZdNz,https://api.spotify.com/v1/tracks/43pmQcgxMMhJu1gPW2ZdNz,https://api.spotify.com/v1/audio-analysis/43pmQcgxMMhJu1gPW2ZdNz,602080,3,65,0,finnish_metal finnish_power_metal gothic_metal gothic_symphonic_metal opera_metal power_metal symphonic_metal
70,Seal,spotify:track:6Vz7vzOpCwKeSQlfViibuY,spotify:artist:5GtMEZEeFFsuHY8ad4kOxv,Crazy,spotify:album:3NehJpD5x3MUtpl8jDTHaa,356520,Best 1991 - 2004,Awesome Playlist,0.633,0.858,11,-7.42,0,0.0473,0.208,0.0112,0.0655,0.724,102.561,audio_features,6Vz7vzOpCwKeSQlfViibuY,https://api.spotify.com/v1/tracks/6Vz7vzOpCwKeSQlfViibuY,https://api.spotify.com/v1/audio-analysis/6Vz7vzOpCwKeSQlfViibuY,356520,4,62,63,british_soul
71,The Rolling Stones,spotify:track:4sFbojhVXQv7dBC9PVCcRn,spotify:artist:22bE4uQ6baNwSHPVcDxLCe,Sympathy For The Devil,spotify:album:5WZFtmADuJUZPtt0NER0Qi,377746,Beggars Banquet,Awesome Playlist,0.566,0.673,9,-10.814,1,0.306,0.565,1.13e-06,0.0438,0.583,114.385,audio_features,4sFbojhVXQv7dBC9PVCcRn,https://api.spotify.com/v1/tracks/4sFbojhVXQv7dBC9PVCcRn,https://api.spotify.com/v1/audio-analysis/4sFbojhVXQv7dBC9PVCcRn,377747,4,77,1,british_invasion classic_rock rock
72,The Rolling Stones,spotify:track:1dv3ePjze9tPq2pk8eWJdR,spotify:artist:22bE4uQ6baNwSHPVcDxLCe,Gimme Shelter,spotify:album:0c78nsgqX6VfniSNWIxwoD,270773,Let It Bleed,Awesome Playlist,0.63,0.616,1,-8.128,0,0.0309,0.463,0.0408,0.173,0.509,118.65,audio_features,1dv3ePjze9tPq2pk8eWJdR,https://api.spotify.com/v1/tracks/1dv3ePjze9tPq2pk8eWJdR,https://api.spotify.com/v1/audio-analysis/1dv3ePjze9tPq2pk8eWJdR,270773,4,77,1,british_invasion classic_rock rock
73,Lynyrd Skynyrd,spotify:track:5EWPGh7jbTNO2wakv8LjUI,spotify:artist:4MVyzYMgTwdP7Z49wAZHx0,Free Bird,spotify:album:6DExt1eX4lflLacVjHHbOs,547106,Pronounced' Leh-'Nerd 'Skin-'Nerd,Awesome Playlist,0.249,0.834,0,-8.21,1,0.0577,0.0738,9.48e-05,0.0924,0.338,118.223,audio_features,5EWPGh7jbTNO2wakv8LjUI,https://api.spotify.com/v1/tracks/5EWPGh7jbTNO2wakv8LjUI,https://api.spotify.com/v1/audio-analysis/5EWPGh7jbTNO2wakv8LjUI,547107,4,71,77,album_rock blues_rock classic_rock country_rock hard_rock mellow_gold rock southern_rock
74,Boston,spotify:track:1GqlvSEtMx5xbGptxOTTyk,spotify:artist:29kkCKKGXheHuoO829FxWK,Peace of Mind,spotify:album:2QLp07RO6anZHmtcKTEvSC,303586,Boston,Awesome Playlist,0.419,0.677,4,-6.183,1,0.0343,0.00101,9.99e-05,0.211,0.684,127.678,audio_features,1GqlvSEtMx5xbGptxOTTyk,https://api.spotify.com/v1/tracks/1GqlvSEtMx5xbGptxOTTyk,https://api.spotify.com/v1/audio-analysis/1GqlvSEtMx5xbGptxOTTyk,303587,4,64,67,album_rock classic_rock country_rock hard_rock mellow_gold rock soft_rock
75,Boston,spotify:track:39C5FuZ8C8M0QI8CrMsPkR,spotify:artist:29kkCKKGXheHuoO829FxWK,Foreplay / Long Time,spotify:album:2QLp07RO6anZHmtcKTEvSC,467640,Boston,Awesome Playlist,0.435,0.657,5,-8.868,1,0.0545,0.00983,0.00748,0.0923,0.209,118.704,audio_features,39C5FuZ8C8M0QI8CrMsPkR,https://api.spotify.com/v1/tracks/39C5FuZ8C8M0QI8CrMsPkR,https://api.spotify.com/v1/audio-analysis/39C5FuZ8C8M0QI8CrMsPkR,467640,4,64,62,album_rock classic_rock country_rock hard_rock mellow_gold rock soft_rock
76,Toto,spotify:track:4aVuWgvD0X63hcOCnZtNFA,spotify:artist:0PFtn5NtBbbUNbU9EAmIWF,Hold the Line,spotify:album:1mnu4hYvdwQgZXcNvtJ3D3,235800,Toto,Awesome Playlist,0.473,0.898,6,-4.797,0,0.0561,0.00783,0.0618,0.173,0.808,96.556,audio_features,4aVuWgvD0X63hcOCnZtNFA,https://api.spotify.com/v1/tracks/4aVuWgvD0X63hcOCnZtNFA,https://api.spotify.com/v1/audio-analysis/4aVuWgvD0X63hcOCnZtNFA,235547,4,71,79,album_rock classic_rock mellow_gold rock soft_rock yacht_rock
77,Kansas,spotify:track:4DMKwE2E2iYDKY01C335Uw,spotify:artist:2hl0xAkS2AIRAu23TVMBG1,Carry on Wayward Son,spotify:album:7MejfRSNnrpcLZIxkeZDqR,323000,Leftoverture,Awesome Playlist,0.482,0.786,7,-5.735,1,0.032,0.00321,8.88e-05,0.446,0.793,126.755,audio_features,4DMKwE2E2iYDKY01C335Uw,https://api.spotify.com/v1/tracks/4DMKwE2E2iYDKY01C335Uw,https://api.spotify.com/v1/audio-analysis/4DMKwE2E2iYDKY01C335Uw,323000,4,65,75,album_rock art_rock classic_rock hard_rock heartland_rock mellow_gold progressive_rock rock soft_rock symphonic_rock
78,Queen,spotify:track:1AhDOtG9vPSOmsWgNW0BEY,spotify:artist:1dfeR4HaWDbWqFHLkxsg1d,Bohemian Rhapsody - Remastered 2011,spotify:album:1TSZDcvlPtAnekTaItI3qO,354320,A Night At The Opera,Awesome Playlist,0.414,0.404,0,-9.928,0,0.0499,0.271,0.0,0.3,0.224,71.105,audio_features,1AhDOtG9vPSOmsWgNW0BEY,https://api.spotify.com/v1/tracks/1AhDOtG9vPSOmsWgNW0BEY,https://api.spotify.com/v1/audio-analysis/1AhDOtG9vPSOmsWgNW0BEY,354320,4,84,0,classic_rock glam_rock rock
79,Lynyrd Skynyrd,spotify:track:4CJVkjo5WpmUAKp3R44LNb,spotify:artist:4MVyzYMgTwdP7Z49wAZHx0,Sweet Home Alabama,spotify:album:5rtOJsiDDjA9V5306cyTRS,281147,Second Helping,Awesome Playlist,0.597,0.605,7,-12.013,1,0.0255,0.181,0.000331,0.118,0.886,97.782,audio_features,4CJVkjo5WpmUAKp3R44LNb,https://api.spotify.com/v1/tracks/4CJVkjo5WpmUAKp3R44LNb,https://api.spotify.com/v1/audio-analysis/4CJVkjo5WpmUAKp3R44LNb,281147,4,71,0,album_rock blues_rock classic_rock country_rock hard_rock mellow_gold rock southern_rock
80,Boston,spotify:track:1QEEqeFIZktqIpPI4jSVSF,spotify:artist:29kkCKKGXheHuoO829FxWK,More Than a Feeling,spotify:album:2QLp07RO6anZHmtcKTEvSC,285133,Boston,Awesome Playlist,0.377,0.681,7,-8.039,1,0.0298,0.00088,0.0023,0.0504,0.285,108.789,audio_features,1QEEqeFIZktqIpPI4jSVSF,https://api.spotify.com/v1/tracks/1QEEqeFIZktqIpPI4jSVSF,https://api.spotify.com/v1/audio-analysis/1QEEqeFIZktqIpPI4jSVSF,285133,4,64,78,album_rock classic_rock country_rock hard_rock mellow_gold rock soft_rock
81,Led Zeppelin,spotify:track:2nVHqZbOGkKWzlcy1aMbE7,spotify:artist:36QJpDe2go2KgaRleHCDTp,Kashmir,spotify:album:1lZahjeu4AhPkg9JARZr5F,508200,Physical Graffiti,Awesome Playlist,0.48,0.536,2,-11.166,1,0.0427,0.488,4.22e-05,0.155,0.581,80.617,audio_features,2nVHqZbOGkKWzlcy1aMbE7,https://api.spotify.com/v1/tracks/2nVHqZbOGkKWzlcy1aMbE7,https://api.spotify.com/v1/audio-analysis/2nVHqZbOGkKWzlcy1aMbE7,508200,3,76,1,album_rock classic_rock hard_rock rock
82,Ben Foster,spotify:track:6MpMuAuLzFFfwB8QzWL1iZ,spotify:artist:6Gp8BbKAqPO3R0UAYkm8J0,The Majestic Tale (Of A Madman In A Box),spotify:album:2t34tkX7TR5rYKMu3WYO0z,241160,Doctor Who: Series 6 (Original Television Soundtrack),Awesome Playlist,0.363,0.554,2,-10.784,0,0.0317,0.0885,0.973,0.261,0.408,72.429,audio_features,6MpMuAuLzFFfwB8QzWL1iZ,https://api.spotify.com/v1/tracks/6MpMuAuLzFFfwB8QzWL1iZ,https://api.spotify.com/v1/audio-analysis/6MpMuAuLzFFfwB8QzWL1iZ,241160,1,32,23,british_soundtrack
83,Guns N' Roses,spotify:track:7o2CTH4ctstm8TNelqjb51,spotify:artist:3qm84nBOXUEQ2vnTfUTTFC,Sweet Child O' Mine,spotify:album:3I9Z1nDCL4E0cP62flcbI5,356080,Appetite For Destruction,Awesome Playlist,0.454,0.91,6,-7.766,1,0.0448,0.0866,0.0996,0.116,0.629,125.116,audio_features,7o2CTH4ctstm8TNelqjb51,https://api.spotify.com/v1/tracks/7o2CTH4ctstm8TNelqjb51,https://api.spotify.com/v1/audio-analysis/7o2CTH4ctstm8TNelqjb51,354520,4,79,83,glam_metal hard_rock rock
84,Creedence Clearwater Revival,spotify:track:4BP3uh0hFLFRb5cjsgLqDh,spotify:artist:3IYUhFvPQItj6xySrBmZkd,Fortunate Son,spotify:album:31q47gQszFt0CddSyMksgO,140773,Willy And The Poor Boys,Awesome Playlist,0.64,0.663,0,-7.516,1,0.0374,0.201,0.00806,0.152,0.663,132.77,audio_features,4BP3uh0hFLFRb5cjsgLqDh,https://api.spotify.com/v1/tracks/4BP3uh0hFLFRb5cjsgLqDh,https://api.spotify.com/v1/audio-analysis/4BP3uh0hFLFRb5cjsgLqDh,140773,4,77,82,classic_rock country_rock rock southern_rock swamp_rock
85,Scorpions,spotify:track:0XIvZ82aDF7JiSi3ZE320u,spotify:artist:27T030eWyCQRmDyuvr1kxY,Rock You Like A Hurricane,spotify:album:6d4dgGamepehj0WwsYXTKi,252493,Love At First Sting,Awesome Playlist,0.482,0.601,7,-12.846,1,0.0486,0.00853,0.000187,0.249,0.774,125.619,audio_features,0XIvZ82aDF7JiSi3ZE320u,https://api.spotify.com/v1/tracks/0XIvZ82aDF7JiSi3ZE320u,https://api.spotify.com/v1/audio-analysis/0XIvZ82aDF7JiSi3ZE320u,252493,4,71,0,album_rock german_hard_rock german_metal german_rock hard_rock metal rock
86,Rush,spotify:track:3QZ7uX97s82HFYSmQUAN1D,spotify:artist:2Hkut4rAAyrQxRdof7FVJq,Tom Sawyer,spotify:album:2xg7iIKoSqaDNpDbJnyCjY,276880,Moving Pictures,Awesome Playlist,0.536,0.901,9,-7.211,1,0.0374,0.00145,0.0186,0.06,0.666,87.559,audio_features,3QZ7uX97s82HFYSmQUAN1D,https://api.spotify.com/v1/tracks/3QZ7uX97s82HFYSmQUAN1D,https://api.spotify.com/v1/audio-analysis/3QZ7uX97s82HFYSmQUAN1D,276880,4,65,71,album_rock art_rock canadian_metal classic_canadian_rock classic_rock hard_rock metal progressive_rock rock
87,Rush,spotify:track:6UGHk2cmbDC1oidVjXcCKo,spotify:artist:2Hkut4rAAyrQxRdof7FVJq,Red Barchetta,spotify:album:2xg7iIKoSqaDNpDbJnyCjY,370426,Moving Pictures,Awesome Playlist,0.528,0.921,2,-7.64,1,0.0524,0.0174,0.000186,0.0472,0.298,144.368,audio_features,6UGHk2cmbDC1oidVjXcCKo,https://api.spotify.com/v1/tracks/6UGHk2cmbDC1oidVjXcCKo,https://api.spotify.com/v1/audio-analysis/6UGHk2cmbDC1oidVjXcCKo,370427,4,65,53,album_rock art_rock canadian_metal classic_canadian_rock classic_rock hard_rock metal progressive_rock rock
88,Rush,spotify:track:3lpDrxUkr0tIe1kmJvdK7d,spotify:artist:2Hkut4rAAyrQxRdof7FVJq,YYZ,spotify:album:2xg7iIKoSqaDNpDbJnyCjY,265840,Moving Pictures,Awesome Playlist,0.51,0.919,7,-8.244,1,0.0593,0.00205,0.809,0.068,0.386,141.053,audio_features,3lpDrxUkr0tIe1kmJvdK7d,https://api.spotify.com/v1/tracks/3lpDrxUkr0tIe1kmJvdK7d,https://api.spotify.com/v1/audio-analysis/3lpDrxUkr0tIe1kmJvdK7d,265840,4,65,56,album_rock art_rock canadian_metal classic_canadian_rock classic_rock hard_rock metal progressive_rock rock
89,Rush,spotify:track:0K6yUnIKNsFtfIpTgGtcHm,spotify:artist:2Hkut4rAAyrQxRdof7FVJq,Limelight,spotify:album:2xg7iIKoSqaDNpDbJnyCjY,259839,Moving Pictures,Awesome Playlist,0.581,0.854,1,-8.485,0,0.0428,0.00197,0.0013,0.111,0.788,131.18,audio_features,0K6yUnIKNsFtfIpTgGtcHm,https://api.spotify.com/v1/tracks/0K6yUnIKNsFtfIpTgGtcHm,https://api.spotify.com/v1/audio-analysis/0K6yUnIKNsFtfIpTgGtcHm,259840,4,65,66,album_rock art_rock canadian_metal classic_canadian_rock classic_rock hard_rock metal progressive_rock rock
90,Rush,spotify:track:0hBby0yygBY1u3m6tSpZgC,spotify:artist:2Hkut4rAAyrQxRdof7FVJq,The Camera Eye,spotify:album:2xg7iIKoSqaDNpDbJnyCjY,658986,Moving Pictures,Awesome Playlist,0.293,0.787,5,-8.841,1,0.0438,0.00774,0.496,0.392,0.139,165.307,audio_features,0hBby0yygBY1u3m6tSpZgC,https://api.spotify.com/v1/tracks/0hBby0yygBY1u3m6tSpZgC,https://api.spotify.com/v1/audio-analysis/0hBby0yygBY1u3m6tSpZgC,658987,4,65,45,album_rock art_rock canadian_metal classic_canadian_rock classic_rock hard_rock metal progressive_rock rock
91,Rush,spotify:track:6cbBAD1AAYVaQR1cx89AZX,spotify:artist:2Hkut4rAAyrQxRdof7FVJq,Witch Hunt,spotify:album:2xg7iIKoSqaDNpDbJnyCjY,285533,Moving Pictures,Awesome Playlist,0.528,0.557,2,-10.342,0,0.0315,0.245,0.0156,0.0958,0.357,121.732,audio_features,6cbBAD1AAYVaQR1cx89AZX,https://api.spotify.com/v1/tracks/6cbBAD1AAYVaQR1cx89AZX,https://api.spotify.com/v1/audio-analysis/6cbBAD1AAYVaQR1cx89AZX,285533,4,65,41,album_rock art_rock canadian_metal classic_canadian_rock classic_rock hard_rock metal progressive_rock rock
92,Rush,spotify:track:1k0GxoZYv3Yx5mNeXMOZN2,spotify:artist:2Hkut4rAAyrQxRdof7FVJq,Vital Signs,spotify:album:2xg7iIKoSqaDNpDbJnyCjY,286226,Moving Pictures,Awesome Playlist,0.603,0.851,0,-8.574,0,0.0584,0.0251,1.71e-05,0.318,0.627,143.218,audio_features,1k0GxoZYv3Yx5mNeXMOZN2,https://api.spotify.com/v1/tracks/1k0GxoZYv3Yx5mNeXMOZN2,https://api.spotify.com/v1/audio-analysis/1k0GxoZYv3Yx5mNeXMOZN2,286227,4,65,48,album_rock art_rock canadian_metal classic_canadian_rock classic_rock hard_rock metal progressive_rock rock
93,Hoody,spotify:track:74tqql9zP6JjF5hjkHHUXp,spotify:artist:7lXgbtBDcCRbfc5f8FhGUL,Like You,spotify:album:7hq1c0ZrLiSKxzhoRacoG7,212715,On And On,korean ,0.622,0.537,0,-4.435,1,0.0335,0.261,0.0,0.0781,0.25,60.018,audio_features,74tqql9zP6JjF5hjkHHUXp,https://api.spotify.com/v1/tracks/74tqql9zP6JjF5hjkHHUXp,https://api.spotify.com/v1/audio-analysis/74tqql9zP6JjF5hjkHHUXp,212716,4,54,34,chill_r&b korean_r&b
94,Loco,spotify:track:4erhEGuOGQgjv3p1bccnpn,spotify:artist:2e4G04F77jxVuDYo44TCSm,GOOD (feat. ELO),spotify:album:4UlGIso11ixt3WiNUPZ4kT,180006,GOOD (feat. ELO),korean ,0.818,0.599,7,-2.976,0,0.04,0.285,0.0,0.0845,0.874,96.959,audio_features,4erhEGuOGQgjv3p1bccnpn,https://api.spotify.com/v1/tracks/4erhEGuOGQgjv3p1bccnpn,https://api.spotify.com/v1/audio-analysis/4erhEGuOGQgjv3p1bccnpn,180007,4,61,33,k-pop korean_r&b
95,Park Kyung,spotify:track:4hRA2rCPaCOpoEIq5qXaBz,spotify:artist:0hT0UrjmzkLJouAT52ck6j,Inferiority Complex (feat. Eunha),spotify:album:0WkXveHN5p6Md6ouIFJzBS,204376,Inferiority Complex (feat. Eunha),korean ,0.761,0.796,9,-4.277,1,0.298,0.309,0.0,0.136,0.892,102.249,audio_features,4hRA2rCPaCOpoEIq5qXaBz,https://api.spotify.com/v1/tracks/4hRA2rCPaCOpoEIq5qXaBz,https://api.spotify.com/v1/audio-analysis/4hRA2rCPaCOpoEIq5qXaBz,204376,4,36,44,unknown
96,Park Kyung,spotify:track:1enx9LPZrXxaVVBxas5rRm,spotify:artist:0hT0UrjmzkLJouAT52ck6j,Ordinary Love,spotify:album:6nI5vvp4jsLHC9M55PTqDE,232866,Ordinary Love (Feat.Park Boram),korean ,0.739,0.706,9,-6.534,1,0.152,0.219,0.0,0.132,0.559,144.111,audio_features,1enx9LPZrXxaVVBxas5rRm,https://api.spotify.com/v1/tracks/1enx9LPZrXxaVVBxas5rRm,https://api.spotify.com/v1/audio-analysis/1enx9LPZrXxaVVBxas5rRm,232867,4,36,49,unknown
97,BTS,spotify:track:0WNGsQ1oAuHzNTk8jivBKW,spotify:artist:3Nrfpe0tUJi4K4DXYWgMUX,Spring Day,spotify:album:7LF4N7lvyDhrPBuCJ1rplJ,274097,You Never Walk Alone,korean ,0.539,0.846,8,-3.192,1,0.0354,0.0063,1.68e-06,0.13,0.46,106.992,audio_features,0WNGsQ1oAuHzNTk8jivBKW,https://api.spotify.com/v1/tracks/0WNGsQ1oAuHzNTk8jivBKW,https://api.spotify.com/v1/audio-analysis/0WNGsQ1oAuHzNTk8jivBKW,274097,4,91,1,k-pop k-pop_boy_group
98,Lovelyz,spotify:track:24psBRmEw3kHjBGZfl1dmb,spotify:artist:3g34PW5oNmDBxMVUTzx2XK,Ah-Choo,spotify:album:5ZJuawNI3RvxURIBtsDHs0,218474,Lovelyz8,korean ,0.729,0.898,5,-1.029,1,0.0391,0.315,0.0,0.107,0.517,126.977,audio_features,24psBRmEw3kHjBGZfl1dmb,https://api.spotify.com/v1/tracks/24psBRmEw3kHjBGZfl1dmb,https://api.spotify.com/v1/audio-analysis/24psBRmEw3kHjBGZfl1dmb,218475,4,42,0,k-pop k-pop_girl_group
99,LEE HI,spotify:track:06L1apH8kLF47dbhZ4Zg9A,spotify:artist:7cVZApDoQZpS447nHTsNqu,BREATHE,spotify:album:1xnXVzinhfO4I9CzTocPfh,288992,SEOULITE,korean ,0.609,0.246,8,-8.449,1,0.0376,0.784,0.0,0.0825,0.371,123.773,audio_features,06L1apH8kLF47dbhZ4Zg9A,https://api.spotify.com/v1/tracks/06L1apH8kLF47dbhZ4Zg9A,https://api.spotify.com/v1/audio-analysis/06L1apH8kLF47dbhZ4Zg9A,288993,4,66,0,k-pop pop
100,LEE HI,spotify:track:2qWgqPdW1OiAP8KSBH1b93,spotify:artist:7cVZApDoQZpS447nHTsNqu,FXXK WIT US,spotify:album:1xnXVzinhfO4I9CzTocPfh,217861,SEOULITE,korean ,0.763,0.658,5,-5.643,0,0.147,0.0258,0.0,0.0915,0.389,80.038,audio_features,2qWgqPdW1OiAP8KSBH1b93,https://api.spotify.com/v1/tracks/2qWgqPdW1OiAP8KSBH1b93,https://api.spotify.com/v1/audio-analysis/2qWgqPdW1OiAP8KSBH1b93,217861,4,66,0,k-pop pop
101,Ailee,spotify:track:2PTf3zh9UUsgdxQ5b0eXg8,spotify:artist:3uGFTJ7JMllvhgGpumieHF,I Will Show You,spotify:album:7IyU3Bqm8ERDh7i4wq4OuN,234106,U&I,korean ,0.604,0.875,7,-1.995,0,0.0539,0.244,0.0,0.114,0.219,129.925,audio_features,2PTf3zh9UUsgdxQ5b0eXg8,https://api.spotify.com/v1/tracks/2PTf3zh9UUsgdxQ5b0eXg8,https://api.spotify.com/v1/audio-analysis/2PTf3zh9UUsgdxQ5b0eXg8,234107,4,57,0,k-pop korean_pop
